{
    "mae": 0.6606327203648901,
    "rmse": 0.8047962578594063,
    "r2_scores": 0.008888738527993434
}